USE [Projekat]
GO
-- Kategorije
INSERT INTO Kategorije VALUES (1,'Veš Mašina', 'PadajućiMeni1');
INSERT INTO Kategorije VALUES (2,'Bojler', 'PadajućiMeni2');
INSERT INTO Kategorije VALUES (3,'WC Šolja', 'PadajućiMeni3');
INSERT INTO Kategorije VALUES (4,'Delovi za veš mašinu', 'PadajućiMeni4');
INSERT INTO Kategorije VALUES (5,'Delovi za bojler', 'PadajućiMeni5');
INSERT INTO Kategorije VALUES (6,'Delovi za WC šolju', 'PadajućiMeni6');
-- Radno Mesto
INSERT INTO Radno_Mesto VALUES (10,'Kasir');
INSERT INTO Radno_Mesto VALUES (20,'Sekretar');
INSERT INTO Radno_Mesto VALUES (30,'Programer');
INSERT INTO Radno_Mesto VALUES (40,'Računovođa');
INSERT INTO Radno_Mesto VALUES (50,'Administrator sajta');
-- Proizvođač
INSERT INTO Proizvodjac VALUES (120,'VOX');
INSERT INTO Proizvodjac VALUES (121,'IDEAL');
INSERT INTO Proizvodjac VALUES (122,'CANDY');
INSERT INTO Proizvodjac VALUES (123,'GORENJE');
INSERT INTO Proizvodjac VALUES (124,'SAMSUNG');
-- Garancija
INSERT INTO Garancija VALUES (56805432,'Garancija1', '2020-06-10', 2, 'USCE', 'Ves Masina
- GORENJE WD9514S');
INSERT INTO Garancija VALUES (67498212,'Garancija2', '2022-10-15', 3, 'BIG FASHION', 'Ves
Masina - CANDY ROW 4966DWMCE 1S');
INSERT INTO Garancija VALUES (84083734,'Garancija3', '2019-11-20', 5, 'GALERIJA', 'Ves
Masina - SAMSUNG WD80T634DBH/S7');
INSERT INTO Garancija VALUES (87409223,'Garancija4', '2021-07-14', 1, 'RAJIĆEVA', 'Bojler
- VOX WHF3511');
INSERT INTO Garancija VALUES (68043271,'Garancija5', '2023-08-10', 2, 'DELTA CITY', 'WC
solja - IDEAL STANDARD DAHLIA');
-- Radnik
INSERT INTO Radnik VALUES (1708146543126,'Viktor', 'Petrović');
INSERT INTO Radnik VALUES (1608216313785,'Sara', 'Vukadinović');
INSERT INTO Radnik VALUES (1309146649117,'Milutin', 'Milanović');
INSERT INTO Radnik VALUES (1408612593130,'Željko', 'Mitrović');
INSERT INTO Radnik VALUES (1231447533199,'Luka', 'Luković');



-- Katalog
INSERT INTO Katalog VALUES (10001,3);
INSERT INTO Katalog VALUES (10002,4);
INSERT INTO Katalog VALUES (10003,5);
INSERT INTO Katalog VALUES (10004,6);
INSERT INTO Katalog VALUES (10005,7);
-- Porez
INSERT INTO Porez VALUES (100,'Porez1', '2020-06-10', '2021-06-10');
INSERT INTO Porez VALUES (101,'Porez2', '2019-07-08', '2020-07-08');
INSERT INTO Porez VALUES (102,'Porez3', '2023-03-11', '2024-03-11');
INSERT INTO Porez VALUES (103,'Porez4', '2021-05-06', '2022-05-06');
INSERT INTO Porez VALUES (104,'Porez5', '2022-06-06', '2023-06-06');
-- Poreska stopa
INSERT INTO Poreska_Stopa VALUES (60,'2020-06-10', '2021-06-10', 30, 100);
INSERT INTO Poreska_Stopa VALUES (61,'2019-07-08', '2020-07-08', 50, 101);
INSERT INTO Poreska_Stopa VALUES (62,'2023-03-11', '2024-03-11', 70, 102);
INSERT INTO Poreska_Stopa VALUES (63,'2021-05-06', '2022-05-06', 20, 103);
INSERT INTO Poreska_Stopa VALUES (64,'2022-06-06', '2023-06-06', 10, 104);
-- Proizvod
INSERT INTO Proizvod VALUES (344,58000, 'Ves Masina - GORENJE WD9514', 56805432, 100);
INSERT INTO Proizvod VALUES (388,72000, 'Ves Masina - CANDY ROW 4966DWMCE 1S', 67498212,
101);
INSERT INTO Proizvod VALUES (876,100000, 'Ves Masina - SAMSUNG WD80T634DBH/S7', 84083734,
102);
INSERT INTO Proizvod VALUES (657,10000, 'Bojler - VOX WHF3511', 87409223, 103);
INSERT INTO Proizvod VALUES (451,5000, 'WC solja - IDEAL STANDARD DAHLIA', 68043271,
104);
-- Napravio
INSERT INTO Napravio VALUES (344,120);
INSERT INTO Napravio VALUES (388,121);
INSERT INTO Napravio VALUES (876,122);
INSERT INTO Napravio VALUES (657,123);
INSERT INTO Napravio VALUES (451,124);
-- Ves_Masina
INSERT INTO Ves_Masina VALUES (344,'pamuk');
INSERT INTO Ves_Masina VALUES (388,'sintetika');
INSERT INTO Ves_Masina VALUES (876,'vuna');
-- WC_Solja
INSERT INTO WC_Solja VALUES (451,'Ima');
-- Bojler
INSERT INTO Bojler VALUES (657,'Ima');
-- Nalepnica_Rezervacije
INSERT INTO Nalepnica_Rezervacije VALUES (344, 1);
INSERT INTO Nalepnica_Rezervacije VALUES (388, 2);
INSERT INTO Nalepnica_Rezervacije VALUES (876, 3);
INSERT INTO Nalepnica_Rezervacije VALUES (657, 4);
INSERT INTO Nalepnica_Rezervacije VALUES (451, 5);



-- Angazovanje
INSERT INTO Angazovanje VALUES ('2019-05-06','2023-02-01',1708146543126, 10);
INSERT INTO Angazovanje VALUES ('2018-03-02','2020-01-04',1608216313785, 20);
INSERT INTO Angazovanje VALUES ('2019-04-03','2021-03-08',1309146649117, 30);
INSERT INTO Angazovanje VALUES ('2017-03-01','2023-01-01',1408612593130, 40);
INSERT INTO Angazovanje VALUES ('2013-07-02','2023-02-02',1231447533199, 50);
-- Cuva
INSERT INTO Cuva VALUES (344, 1708146543126);
INSERT INTO Cuva VALUES (388, 1608216313785);
INSERT INTO Cuva VALUES (876, 1309146649117);
INSERT INTO Cuva VALUES (657, 1408612593130);
INSERT INTO Cuva VALUES (451, 1231447533199);
-- Dodeljuje
INSERT INTO Dodeljuje VALUES (56805432, 1708146543126);
INSERT INTO Dodeljuje VALUES (67498212, 1608216313785);
INSERT INTO Dodeljuje VALUES (84083734, 1309146649117);
INSERT INTO Dodeljuje VALUES (87409223, 1408612593130);
INSERT INTO Dodeljuje VALUES (68043271, 1231447533199);
-- Sadrzi
INSERT INTO Sadrzi VALUES (344, 10001);
INSERT INTO Sadrzi VALUES (388, 10002);
INSERT INTO Sadrzi VALUES (876, 10003);
INSERT INTO Sadrzi VALUES (657, 10004);
INSERT INTO Sadrzi VALUES (451, 10005);
-- Sajt
INSERT INTO Sajt VALUES ('tehnomanija.rs',10001,'Jeste',011381954,'Tehnomanija');
INSERT INTO Sajt VALUES ('gigatron.rs',10002,'Nije',011361104,'Gigatron');
INSERT INTO Sajt VALUES ('comtrade.rs',10003,'Jeste',011321143,'Comtrade');
INSERT INTO Sajt VALUES ('ananas.rs',10004,'Nije',011381954,'Ananas');
INSERT INTO Sajt VALUES ('vodotehna.rs',10005,'Jeste',011381954,'Vodotehna');
-- Ima
INSERT INTO Ima VALUES ('tehnomanija.rs', 1);
INSERT INTO Ima VALUES ('gigatron.rs', 2);
INSERT INTO Ima VALUES ('comtrade.rs', 3);
INSERT INTO Ima VALUES ('ananas.rs', 4);
INSERT INTO Ima VALUES ('vodotehna.rs', 5);

-- Kupac
INSERT INTO Kupac VALUES (1103146578126,'tehnomanija.rs','Viktor', 'Markovic');
INSERT INTO Kupac VALUES (1203456653242,'gigatron.rs','Janko', 'Lalic');
INSERT INTO Kupac VALUES (1301462377357,'comtrade.rs','Zeljko', 'Panjkovic');
INSERT INTO Kupac VALUES (1403576598721,'ananas.rs','Milan', 'Petrovic');
INSERT INTO Kupac VALUES (1883746548132,'vodotehna.rs','Andrej', 'Milinkovic');



-- Racun
INSERT INTO Racun VALUES (480275731, 56805432, 100, 344, 1708146543126, 1103146578126,
'Ves Masina - GORENJE WD9514', '2022-01-02', 58000);
INSERT INTO Racun VALUES (857392734, 67498212, 101, 388, 1608216313785, 1203456653242,
'Ves Masina - CANDY ROW 4966DWMCE 1S', '2019-03-04', 72000);
INSERT INTO Racun VALUES (427658487, 84083734, 102, 876, 1309146649117, 1301462377357,
'Ves Masina - SAMSUNG WD80T634DBH/S7', '2023-01-01', 100000);
INSERT INTO Racun VALUES (358543890, 87409223, 103, 657, 1408612593130, 1403576598721,
'Bojler - VOX WHF3511', '2021-02-01', 10000);
INSERT INTO Racun VALUES (576840302, 68043271, 104, 451, 1231447533199, 1883746548132,
'WC solja - IDEAL STANDARD DAHLIA', '2023-02-02', 5000);
-- Chat
INSERT INTO Chat VALUES (1103146578126, 'tehnomanija.rs', 1708146543126, '2022-01-02
18:00', '2022-01-02 18:06');
INSERT INTO Chat VALUES (1203456653242, 'gigatron.rs', 1608216313785, '2022-03-02 17:38',
'2022-03-02 17:45');
INSERT INTO Chat VALUES (1301462377357, 'comtrade.rs', 1309146649117, '2022-05-03 09:00',
'2022-05-03 09:02');
INSERT INTO Chat VALUES (1403576598721, 'ananas.rs', 1408612593130, '2022-06-02 10:01',
'2022-06-02 10:25');
INSERT INTO Chat VALUES (1883746548132, 'vodotehna.rs', 1231447533199, '2022-03-01
11:06', '2022-03-01 11:07');
-- Rezervacija
INSERT INTO Rezervacija VALUES (34462, 'tehnomanija.rs', 1708146543126, 344,
1103146578126, '2022-01-02 18:00', '2022-03-02 18:00');
INSERT INTO Rezervacija VALUES (33362, 'gigatron.rs', 1608216313785, 388, 1203456653242,
'2022-02-02 18:00', '2022-04-02 17:00');
INSERT INTO Rezervacija VALUES (35562, 'comtrade.rs', 1309146649117, 876, 1301462377357,
'2022-05-02 18:00', '2022-07-02 21:00');
INSERT INTO Rezervacija VALUES (36662, 'ananas.rs', 1408612593130, 657, 1403576598721,
'2022-01-02 18:00', '2022-03-02 22:00');
INSERT INTO Rezervacija VALUES (37762, 'vodotehna.rs', 1231447533199, 451, 1883746548132,
'2022-04-02 18:00', '2022-06-02 19:00');
-- Pravi
INSERT INTO Pravi VALUES (34462, 'tehnomanija.rs', 1708146543126, 344, 1103146578126, 1);
INSERT INTO Pravi VALUES (33362, 'gigatron.rs', 1608216313785, 388, 1203456653242, 2);
INSERT INTO Pravi VALUES (35562, 'comtrade.rs', 1309146649117, 876, 1301462377357, 3);
INSERT INTO Pravi VALUES (36662, 'ananas.rs', 1408612593130, 657, 1403576598721, 4);
INSERT INTO Pravi VALUES (37762, 'vodotehna.rs', 1231447533199, 451, 1883746548132, 5);